{"cameraMode":{"drawMode":0,"name":"Shaded","section":"Shading Mode"},"sceneLighting":false,"audioPlay":false,"sceneViewState":{"m_AlwaysRefresh":false,"showFog":true,"showSkybox":false,"showFlares":true,"showImageEffects":true,"showParticleSystems":true,"showVisualEffectGraphs":true,"m_FxEnabled":true},"in2DMode":false,"pivot":{"x":0.09319457411766052,"y":0.3165815472602844,"z":0.265381395816803},"rotation":{"x":-0.1657247245311737,"y":0.19300809502601624,"z":-0.033091142773628238,"w":-0.9665406346321106},"size":1.207395076751709,"orthographic":false}