{"cameraMode":{"drawMode":0,"name":"Shaded","section":"Shading Mode"},"sceneLighting":false,"audioPlay":false,"sceneViewState":{"m_AlwaysRefresh":false,"showFog":true,"showSkybox":false,"showFlares":true,"showImageEffects":true,"showParticleSystems":true,"showVisualEffectGraphs":true,"m_FxEnabled":true},"in2DMode":false,"pivot":{"x":0.014377802610397339,"y":-0.42434024810791018,"z":-0.27213701605796816},"rotation":{"x":-0.15371206402778626,"y":-0.8202825784683228,"z":0.25942525267601015,"w":-0.4860244393348694},"size":1.333012580871582,"orthographic":false}