{"cameraMode":{"drawMode":0,"name":"Shaded","section":"Shading Mode"},"sceneLighting":false,"audioPlay":false,"sceneViewState":{"m_AlwaysRefresh":false,"showFog":true,"showSkybox":false,"showFlares":true,"showImageEffects":true,"showParticleSystems":true,"showVisualEffectGraphs":true,"m_FxEnabled":true},"in2DMode":false,"pivot":{"x":-1.3549058437347413,"y":-0.09095671772956848,"z":2.1807539463043215},"rotation":{"x":-0.028973016887903215,"y":0.29309019446372988,"z":-0.008886043913662434,"w":-0.9556080102920532},"size":2.0718085765838625,"orthographic":false}